[
  {
    "frame": 0,
    "t": 0.0,
    "filename": "frame_000_t0.00.png",
    "description": "鼓励→中性",
    "params": {
      "background_color": [
        200,
        230,
        255
      ],
      "face_lines_count": 4,
      "eyes_count": 2,
      "eyebrows_count": 2,
      "mouth_count": 2
    }
  },
  {
    "frame": 1,
    "t": 0.1,
    "filename": "frame_001_t0.10.png",
    "description": "鼓励→中性",
    "params": {
      "background_color": [
        201,
        230,
        254
      ],
      "face_lines_count": 4,
      "eyes_count": 2,
      "eyebrows_count": 2,
      "mouth_count": 2
    }
  },
  {
    "frame": 2,
    "t": 0.2,
    "filename": "frame_002_t0.20.png",
    "description": "鼓励→中性",
    "params": {
      "background_color": [
        204,
        231,
        253
      ],
      "face_lines_count": 4,
      "eyes_count": 2,
      "eyebrows_count": 2,
      "mouth_count": 2
    }
  },
  {
    "frame": 3,
    "t": 0.3,
    "filename": "frame_003_t0.30.png",
    "description": "鼓励→中性",
    "params": {
      "background_color": [
        208,
        232,
        251
      ],
      "face_lines_count": 4,
      "eyes_count": 2,
      "eyebrows_count": 2,
      "mouth_count": 2
    }
  },
  {
    "frame": 4,
    "t": 0.4,
    "filename": "frame_004_t0.40.png",
    "description": "鼓励→中性",
    "params": {
      "background_color": [
        214,
        233,
        249
      ],
      "face_lines_count": 4,
      "eyes_count": 2,
      "eyebrows_count": 2,
      "mouth_count": 2
    }
  },
  {
    "frame": 5,
    "t": 0.5,
    "filename": "frame_005_t0.50.png",
    "description": "鼓励→中性",
    "params": {
      "background_color": [
        220,
        235,
        247
      ],
      "face_lines_count": 4,
      "eyes_count": 2,
      "eyebrows_count": 2,
      "mouth_count": 2
    }
  },
  {
    "frame": 6,
    "t": 0.6,
    "filename": "frame_006_t0.60.png",
    "description": "鼓励→中性",
    "params": {
      "background_color": [
        225,
        236,
        245
      ],
      "face_lines_count": 4,
      "eyes_count": 2,
      "eyebrows_count": 2,
      "mouth_count": 2
    }
  },
  {
    "frame": 7,
    "t": 0.7,
    "filename": "frame_007_t0.70.png",
    "description": "鼓励→中性",
    "params": {
      "background_color": [
        231,
        237,
        243
      ],
      "face_lines_count": 4,
      "eyes_count": 2,
      "eyebrows_count": 2,
      "mouth_count": 2
    }
  },
  {
    "frame": 8,
    "t": 0.8,
    "filename": "frame_008_t0.80.png",
    "description": "鼓励→中性",
    "params": {
      "background_color": [
        235,
        238,
        241
      ],
      "face_lines_count": 4,
      "eyes_count": 2,
      "eyebrows_count": 2,
      "mouth_count": 2
    }
  },
  {
    "frame": 9,
    "t": 0.9,
    "filename": "frame_009_t0.90.png",
    "description": "鼓励→中性",
    "params": {
      "background_color": [
        238,
        239,
        240
      ],
      "face_lines_count": 4,
      "eyes_count": 2,
      "eyebrows_count": 2,
      "mouth_count": 2
    }
  },
  {
    "frame": 10,
    "t": 1.0,
    "filename": "frame_010_t1.00.png",
    "description": "鼓励→中性",
    "params": {
      "background_color": [
        240,
        240,
        240
      ],
      "face_lines_count": 4,
      "eyes_count": 2,
      "eyebrows_count": 2,
      "mouth_count": 2
    }
  }
]