{
  "generation_info": {
    "total_sequences": 42,
    "interpolation_steps": 10,
    "image_size": [
      200,
      200
    ],
    "total_frames": 462
  },
  "expressions": {
    "Happy": {
      "params": {
        "background_color": [
          200,
          255,
          200
        ],
        "face_lines_count": 4,
        "eyes_count": 2,
        "eyebrows_count": 2,
        "mouth_count": 2,
        "description": "开心"
      }
    },
    "Caring": {
      "params": {
        "background_color": [
          255,
          220,
          230
        ],
        "face_lines_count": 4,
        "eyes_count": 2,
        "eyebrows_count": 2,
        "mouth_count": 2,
        "description": "关怀"
      }
    },
    "Concerned": {
      "params": {
        "background_color": [
          255,
          230,
          150
        ],
        "face_lines_count": 4,
        "eyes_count": 2,
        "eyebrows_count": 2,
        "mouth_count": 2,
        "description": "担忧"
      }
    },
    "Encouraging": {
      "params": {
        "background_color": [
          200,
          230,
          255
        ],
        "face_lines_count": 4,
        "eyes_count": 2,
        "eyebrows_count": 2,
        "mouth_count": 2,
        "description": "鼓励"
      }
    },
    "Alert": {
      "params": {
        "background_color": [
          255,
          200,
          200
        ],
        "face_lines_count": 4,
        "eyes_count": 2,
        "eyebrows_count": 2,
        "mouth_count": 2,
        "description": "警示"
      }
    },
    "Sad": {
      "params": {
        "background_color": [
          200,
          200,
          200
        ],
        "face_lines_count": 4,
        "eyes_count": 2,
        "eyebrows_count": 2,
        "mouth_count": 2,
        "description": "悲伤"
      }
    },
    "Neutral": {
      "params": {
        "background_color": [
          240,
          240,
          240
        ],
        "face_lines_count": 4,
        "eyes_count": 2,
        "eyebrows_count": 2,
        "mouth_count": 1,
        "description": "中性"
      }
    }
  },
  "sequences": {
    "Happy_to_Caring": 11,
    "Happy_to_Concerned": 11,
    "Happy_to_Encouraging": 11,
    "Happy_to_Alert": 11,
    "Happy_to_Sad": 11,
    "Happy_to_Neutral": 11,
    "Caring_to_Happy": 11,
    "Caring_to_Concerned": 11,
    "Caring_to_Encouraging": 11,
    "Caring_to_Alert": 11,
    "Caring_to_Sad": 11,
    "Caring_to_Neutral": 11,
    "Concerned_to_Happy": 11,
    "Concerned_to_Caring": 11,
    "Concerned_to_Encouraging": 11,
    "Concerned_to_Alert": 11,
    "Concerned_to_Sad": 11,
    "Concerned_to_Neutral": 11,
    "Encouraging_to_Happy": 11,
    "Encouraging_to_Caring": 11,
    "Encouraging_to_Concerned": 11,
    "Encouraging_to_Alert": 11,
    "Encouraging_to_Sad": 11,
    "Encouraging_to_Neutral": 11,
    "Alert_to_Happy": 11,
    "Alert_to_Caring": 11,
    "Alert_to_Concerned": 11,
    "Alert_to_Encouraging": 11,
    "Alert_to_Sad": 11,
    "Alert_to_Neutral": 11,
    "Sad_to_Happy": 11,
    "Sad_to_Caring": 11,
    "Sad_to_Concerned": 11,
    "Sad_to_Encouraging": 11,
    "Sad_to_Alert": 11,
    "Sad_to_Neutral": 11,
    "Neutral_to_Happy": 11,
    "Neutral_to_Caring": 11,
    "Neutral_to_Concerned": 11,
    "Neutral_to_Encouraging": 11,
    "Neutral_to_Alert": 11,
    "Neutral_to_Sad": 11
  }
}